STRUCTURE,STRUCTURE_ID,STRUCTURE_NAME,ACTION,REF_AREA,Reference area,MEASURE,Measure,UNIT_MEASURE,Unit of measure,AGE,Age,SEX,Sex,HEALTH_PROF,Health profession,WORKER_STATUS,Worker status,HEALTH_PROF_ACTIVITY_STATUS,Health profession activity status,PRICE_BASE,Price base,TIME_PERIOD,Time period,OBS_VALUE,Observation value,DECIMALS,Decimals,OBS_STATUS,Observation status,OBS_STATUS2,Observation status 2,OBS_STATUS3,Observation status 3,OBS_STATUS4,Observation status 4,UNIT_MULT,Unit multiplier,REF_YEAR_PRICE,Price reference year
DATAFLOW,OECD.ELS.HD:DSD_HEALTH_EMP_REAC@DF_REAC(1.1),Healthcare human resources,I,AUT,Austria,HSE,Health and social employment,PT_EMP,Percentage of employment,_Z,Not applicable,_Z,Not applicable,VQ,Human health and social work activities,_Z,Not applicable,_Z,Not applicable,_Z,Not applicable,2020,,11.06,,,,,,,,,,,,,,,
DATAFLOW,OECD.ELS.HD:DSD_HEALTH_EMP_REAC@DF_REAC(1.1),Healthcare human resources,I,AUT,Austria,HSE,Health and social employment,PT_EMP,Percentage of employment,_Z,Not applicable,_Z,Not applicable,VQ,Human health and social work activities,_Z,Not applicable,_Z,Not applicable,_Z,Not applicable,2021,,11.41,,,,,,,,,,,,,,,
DATAFLOW,OECD.ELS.HD:DSD_HEALTH_EMP_REAC@DF_REAC(1.1),Healthcare human resources,I,AUT,Austria,HSE,Health and social employment,PT_EMP,Percentage of employment,_Z,Not applicable,_Z,Not applicable,VQ,Human health and social work activities,_Z,Not applicable,_Z,Not applicable,_Z,Not applicable,2022,,11.18,,,,,,,,,,,,,,,
DATAFLOW,OECD.ELS.HD:DSD_HEALTH_EMP_REAC@DF_REAC(1.1),Healthcare human resources,I,AUT,Austria,HSE,Health and social employment,PT_EMP,Percentage of employment,_Z,Not applicable,_Z,Not applicable,VQ,Human health and social work activities,_Z,Not applicable,_Z,Not applicable,_Z,Not applicable,2023,,11.29,,,,,,,,,,,,,,,
DATAFLOW,OECD.ELS.HD:DSD_HEALTH_EMP_REAC@DF_REAC(1.1),Healthcare human resources,I,BEL,Belgium,HSE,Health and social employment,PT_EMP,Percentage of employment,_Z,Not applicable,_Z,Not applicable,VQ,Human health and social work activities,_Z,Not applicable,_Z,Not applicable,_Z,Not applicable,2020,,13.08,,,,,,,,,,,,,,,
DATAFLOW,OECD.ELS.HD:DSD_HEALTH_EMP_REAC@DF_REAC(1.1),Healthcare human resources,I,BEL,Belgium,HSE,Health and social employment,PT_EMP,Percentage of employment,_Z,Not applicable,_Z,Not applicable,VQ,Human health and social work activities,_Z,Not applicable,_Z,Not applicable,_Z,Not applicable,2021,,13.06,,,,,,,,,,,,,,,
DATAFLOW,OECD.ELS.HD:DSD_HEALTH_EMP_REAC@DF_REAC(1.1),Healthcare human resources,I,BEL,Belgium,HSE,Health and social employment,PT_EMP,Percentage of employment,_Z,Not applicable,_Z,Not applicable,VQ,Human health and social work activities,_Z,Not applicable,_Z,Not applicable,_Z,Not applicable,2022,,12.81,,,,,,,,,,,,,,,
DATAFLOW,OECD.ELS.HD:DSD_HEALTH_EMP_REAC@DF_REAC(1.1),Healthcare human resources,I,CAN,Canada,HSE,Health and social employment,PT_EMP,Percentage of employment,_Z,Not applicable,_Z,Not applicable,VQ,Human health and social work activities,_Z,Not applicable,_Z,Not applicable,_Z,Not applicable,2020,,12.19,,,,,,,,,,,,,,,
DATAFLOW,OECD.ELS.HD:DSD_HEALTH_EMP_REAC@DF_REAC(1.1),Healthcare human resources,I,CAN,Canada,HSE,Health and social employment,PT_EMP,Percentage of employment,_Z,Not applicable,_Z,Not applicable,VQ,Human health and social work activities,_Z,Not applicable,_Z,Not applicable,_Z,Not applicable,2021,,12.59,,,,,,,,,,,,,,,
DATAFLOW,OECD.ELS.HD:DSD_HEALTH_EMP_REAC@DF_REAC(1.1),Healthcare human resources,I,CAN,Canada,HSE,Health and social employment,PT_EMP,Percentage of employment,_Z,Not applicable,_Z,Not applicable,VQ,Human health and social work activities,_Z,Not applicable,_Z,Not applicable,_Z,Not applicable,2022,,12.69,,,,,,,,,,,,,,,
DATAFLOW,OECD.ELS.HD:DSD_HEALTH_EMP_REAC@DF_REAC(1.1),Healthcare human resources,I,CAN,Canada,HSE,Health and social employment,PT_EMP,Percentage of employment,_Z,Not applicable,_Z,Not applicable,VQ,Human health and social work activities,_Z,Not applicable,_Z,Not applicable,_Z,Not applicable,2023,,12.69,,,,,,,,,,,,,,,
DATAFLOW,OECD.ELS.HD:DSD_HEALTH_EMP_REAC@DF_REAC(1.1),Healthcare human resources,I,CAN,Canada,HSE,Health and social employment,PT_EMP,Percentage of employment,_Z,Not applicable,_Z,Not applicable,VQ,Human health and social work activities,_Z,Not applicable,_Z,Not applicable,_Z,Not applicable,2024,,12.94,,,,,,,,,,,,,,,
DATAFLOW,OECD.ELS.HD:DSD_HEALTH_EMP_REAC@DF_REAC(1.1),Healthcare human resources,I,COL,Colombia,HSE,Health and social employment,PT_EMP,Percentage of employment,_Z,Not applicable,_Z,Not applicable,VQ,Human health and social work activities,_Z,Not applicable,_Z,Not applicable,_Z,Not applicable,2020,,3.89,,,,,,,,,,,,,,,
DATAFLOW,OECD.ELS.HD:DSD_HEALTH_EMP_REAC@DF_REAC(1.1),Healthcare human resources,I,COL,Colombia,HSE,Health and social employment,PT_EMP,Percentage of employment,_Z,Not applicable,_Z,Not applicable,VQ,Human health and social work activities,_Z,Not applicable,_Z,Not applicable,_Z,Not applicable,2021,,4.59,,,,,,,,,,,,,,,
DATAFLOW,OECD.ELS.HD:DSD_HEALTH_EMP_REAC@DF_REAC(1.1),Healthcare human resources,I,COL,Colombia,HSE,Health and social employment,PT_EMP,Percentage of employment,_Z,Not applicable,_Z,Not applicable,VQ,Human health and social work activities,_Z,Not applicable,_Z,Not applicable,_Z,Not applicable,2022,,4.39,,,,,,,,,,,,,,,
DATAFLOW,OECD.ELS.HD:DSD_HEALTH_EMP_REAC@DF_REAC(1.1),Healthcare human resources,I,COL,Colombia,HSE,Health and social employment,PT_EMP,Percentage of employment,_Z,Not applicable,_Z,Not applicable,VQ,Human health and social work activities,_Z,Not applicable,_Z,Not applicable,_Z,Not applicable,2023,,4.42,,,,,,,,,,,,,,,
DATAFLOW,OECD.ELS.HD:DSD_HEALTH_EMP_REAC@DF_REAC(1.1),Healthcare human resources,I,COL,Colombia,HSE,Health and social employment,PT_EMP,Percentage of employment,_Z,Not applicable,_Z,Not applicable,VQ,Human health and social work activities,_Z,Not applicable,_Z,Not applicable,_Z,Not applicable,2024,,4.46,,,,,,,,,,,,,,,
DATAFLOW,OECD.ELS.HD:DSD_HEALTH_EMP_REAC@DF_REAC(1.1),Healthcare human resources,I,CRI,Costa Rica,HSE,Health and social employment,PT_EMP,Percentage of employment,_Z,Not applicable,_Z,Not applicable,VQ,Human health and social work activities,_Z,Not applicable,_Z,Not applicable,_Z,Not applicable,2020,,4.41,,,,,,,,,,,,,,,
DATAFLOW,OECD.ELS.HD:DSD_HEALTH_EMP_REAC@DF_REAC(1.1),Healthcare human resources,I,CRI,Costa Rica,HSE,Health and social employment,PT_EMP,Percentage of employment,_Z,Not applicable,_Z,Not applicable,VQ,Human health and social work activities,_Z,Not applicable,_Z,Not applicable,_Z,Not applicable,2021,,4.05,,,,,,,,,,,,,,,
DATAFLOW,OECD.ELS.HD:DSD_HEALTH_EMP_REAC@DF_REAC(1.1),Healthcare human resources,I,CRI,Costa Rica,HSE,Health and social employment,PT_EMP,Percentage of employment,_Z,Not applicable,_Z,Not applicable,VQ,Human health and social work activities,_Z,Not applicable,_Z,Not applicable,_Z,Not applicable,2022,,4,,,,,,,,,,,,,,,
DATAFLOW,OECD.ELS.HD:DSD_HEALTH_EMP_REAC@DF_REAC(1.1),Healthcare human resources,I,CRI,Costa Rica,HSE,Health and social employment,PT_EMP,Percentage of employment,_Z,Not applicable,_Z,Not applicable,VQ,Human health and social work activities,_Z,Not applicable,_Z,Not applicable,_Z,Not applicable,2023,,3.98,,,,,,,,,,,,,,,
DATAFLOW,OECD.ELS.HD:DSD_HEALTH_EMP_REAC@DF_REAC(1.1),Healthcare human resources,I,CZE,Czechia,HSE,Health and social employment,PT_EMP,Percentage of employment,_Z,Not applicable,_Z,Not applicable,VQ,Human health and social work activities,_Z,Not applicable,_Z,Not applicable,_Z,Not applicable,2020,,7.12,,,,,,,,,,,,,,,
DATAFLOW,OECD.ELS.HD:DSD_HEALTH_EMP_REAC@DF_REAC(1.1),Healthcare human resources,I,CZE,Czechia,HSE,Health and social employment,PT_EMP,Percentage of employment,_Z,Not applicable,_Z,Not applicable,VQ,Human health and social work activities,_Z,Not applicable,_Z,Not applicable,_Z,Not applicable,2021,,7.43,,,,,,,,,,,,,,,
DATAFLOW,OECD.ELS.HD:DSD_HEALTH_EMP_REAC@DF_REAC(1.1),Healthcare human resources,I,CZE,Czechia,HSE,Health and social employment,PT_EMP,Percentage of employment,_Z,Not applicable,_Z,Not applicable,VQ,Human health and social work activities,_Z,Not applicable,_Z,Not applicable,_Z,Not applicable,2022,,7.43,,,,,,,,,,,,,,,
DATAFLOW,OECD.ELS.HD:DSD_HEALTH_EMP_REAC@DF_REAC(1.1),Healthcare human resources,I,CZE,Czechia,HSE,Health and social employment,PT_EMP,Percentage of employment,_Z,Not applicable,_Z,Not applicable,VQ,Human health and social work activities,_Z,Not applicable,_Z,Not applicable,_Z,Not applicable,2023,,7.8,,,,,,,,,,,,,,,
DATAFLOW,OECD.ELS.HD:DSD_HEALTH_EMP_REAC@DF_REAC(1.1),Healthcare human resources,I,DNK,Denmark,HSE,Health and social employment,PT_EMP,Percentage of employment,_Z,Not applicable,_Z,Not applicable,VQ,Human health and social work activities,_Z,Not applicable,_Z,Not applicable,_Z,Not applicable,2020,,18.44,,,,,,,,,,,,,,,
DATAFLOW,OECD.ELS.HD:DSD_HEALTH_EMP_REAC@DF_REAC(1.1),Healthcare human resources,I,DNK,Denmark,HSE,Health and social employment,PT_EMP,Percentage of employment,_Z,Not applicable,_Z,Not applicable,VQ,Human health and social work activities,_Z,Not applicable,_Z,Not applicable,_Z,Not applicable,2021,,18.9,,,,,,,,,,,,,,,
DATAFLOW,OECD.ELS.HD:DSD_HEALTH_EMP_REAC@DF_REAC(1.1),Healthcare human resources,I,DNK,Denmark,HSE,Health and social employment,PT_EMP,Percentage of employment,_Z,Not applicable,_Z,Not applicable,VQ,Human health and social work activities,_Z,Not applicable,_Z,Not applicable,_Z,Not applicable,2022,,18.6,,,,,,,,,,,,,,,
DATAFLOW,OECD.ELS.HD:DSD_HEALTH_EMP_REAC@DF_REAC(1.1),Healthcare human resources,I,DNK,Denmark,HSE,Health and social employment,PT_EMP,Percentage of employment,_Z,Not applicable,_Z,Not applicable,VQ,Human health and social work activities,_Z,Not applicable,_Z,Not applicable,_Z,Not applicable,2023,,18.69,,,,,,,,,,,,,,,
DATAFLOW,OECD.ELS.HD:DSD_HEALTH_EMP_REAC@DF_REAC(1.1),Healthcare human resources,I,EST,Estonia,HSE,Health and social employment,PT_EMP,Percentage of employment,_Z,Not applicable,_Z,Not applicable,VQ,Human health and social work activities,_Z,Not applicable,_Z,Not applicable,_Z,Not applicable,2020,,6.09,,,,,,,,,,,,,,,
DATAFLOW,OECD.ELS.HD:DSD_HEALTH_EMP_REAC@DF_REAC(1.1),Healthcare human resources,I,EST,Estonia,HSE,Health and social employment,PT_EMP,Percentage of employment,_Z,Not applicable,_Z,Not applicable,VQ,Human health and social work activities,_Z,Not applicable,_Z,Not applicable,_Z,Not applicable,2021,,6.33,,,,,,,,,,,,,,,
DATAFLOW,OECD.ELS.HD:DSD_HEALTH_EMP_REAC@DF_REAC(1.1),Healthcare human resources,I,EST,Estonia,HSE,Health and social employment,PT_EMP,Percentage of employment,_Z,Not applicable,_Z,Not applicable,VQ,Human health and social work activities,_Z,Not applicable,_Z,Not applicable,_Z,Not applicable,2022,,6.69,,,,,,,,,,,,,,,
DATAFLOW,OECD.ELS.HD:DSD_HEALTH_EMP_REAC@DF_REAC(1.1),Healthcare human resources,I,EST,Estonia,HSE,Health and social employment,PT_EMP,Percentage of employment,_Z,Not applicable,_Z,Not applicable,VQ,Human health and social work activities,_Z,Not applicable,_Z,Not applicable,_Z,Not applicable,2023,,6.85,,,,,,,,,,,,,,,
DATAFLOW,OECD.ELS.HD:DSD_HEALTH_EMP_REAC@DF_REAC(1.1),Healthcare human resources,I,FIN,Finland,HSE,Health and social employment,PT_EMP,Percentage of employment,_Z,Not applicable,_Z,Not applicable,VQ,Human health and social work activities,_Z,Not applicable,_Z,Not applicable,_Z,Not applicable,2020,,17.99,,,,,,,,,,,,,,,
DATAFLOW,OECD.ELS.HD:DSD_HEALTH_EMP_REAC@DF_REAC(1.1),Healthcare human resources,I,FIN,Finland,HSE,Health and social employment,PT_EMP,Percentage of employment,_Z,Not applicable,_Z,Not applicable,VQ,Human health and social work activities,_Z,Not applicable,_Z,Not applicable,_Z,Not applicable,2021,,18.25,,,,,,,,,,,,,,,
DATAFLOW,OECD.ELS.HD:DSD_HEALTH_EMP_REAC@DF_REAC(1.1),Healthcare human resources,I,FIN,Finland,HSE,Health and social employment,PT_EMP,Percentage of employment,_Z,Not applicable,_Z,Not applicable,VQ,Human health and social work activities,_Z,Not applicable,_Z,Not applicable,_Z,Not applicable,2022,,18.37,,,,,,,,,,,,,,,
DATAFLOW,OECD.ELS.HD:DSD_HEALTH_EMP_REAC@DF_REAC(1.1),Healthcare human resources,I,FIN,Finland,HSE,Health and social employment,PT_EMP,Percentage of employment,_Z,Not applicable,_Z,Not applicable,VQ,Human health and social work activities,_Z,Not applicable,_Z,Not applicable,_Z,Not applicable,2023,,18.81,,,,,,,,,,,,,,,
DATAFLOW,OECD.ELS.HD:DSD_HEALTH_EMP_REAC@DF_REAC(1.1),Healthcare human resources,I,FRA,France,HSE,Health and social employment,PT_EMP,Percentage of employment,_Z,Not applicable,_Z,Not applicable,VQ,Human health and social work activities,_Z,Not applicable,_Z,Not applicable,_Z,Not applicable,2020,,15.36,,,,,,,,,,,,,,,
DATAFLOW,OECD.ELS.HD:DSD_HEALTH_EMP_REAC@DF_REAC(1.1),Healthcare human resources,I,FRA,France,HSE,Health and social employment,PT_EMP,Percentage of employment,_Z,Not applicable,_Z,Not applicable,VQ,Human health and social work activities,_Z,Not applicable,_Z,Not applicable,_Z,Not applicable,2021,,15.25,,,,,,,,,,,,,,,
DATAFLOW,OECD.ELS.HD:DSD_HEALTH_EMP_REAC@DF_REAC(1.1),Healthcare human resources,I,DEU,Germany,HSE,Health and social employment,PT_EMP,Percentage of employment,_Z,Not applicable,_Z,Not applicable,VQ,Human health and social work activities,_Z,Not applicable,_Z,Not applicable,_Z,Not applicable,2020,,14.64,,,,,,,,,,,,,,,
DATAFLOW,OECD.ELS.HD:DSD_HEALTH_EMP_REAC@DF_REAC(1.1),Healthcare human resources,I,GRC,Greece,HSE,Health and social employment,PT_EMP,Percentage of employment,_Z,Not applicable,_Z,Not applicable,VQ,Human health and social work activities,_Z,Not applicable,_Z,Not applicable,_Z,Not applicable,2020,,7.27,,,,,,,,,,,,,,,
DATAFLOW,OECD.ELS.HD:DSD_HEALTH_EMP_REAC@DF_REAC(1.1),Healthcare human resources,I,GRC,Greece,HSE,Health and social employment,PT_EMP,Percentage of employment,_Z,Not applicable,_Z,Not applicable,VQ,Human health and social work activities,_Z,Not applicable,_Z,Not applicable,_Z,Not applicable,2021,,7.55,,,,,,,,,,,,,,,
DATAFLOW,OECD.ELS.HD:DSD_HEALTH_EMP_REAC@DF_REAC(1.1),Healthcare human resources,I,HUN,Hungary,HSE,Health and social employment,PT_EMP,Percentage of employment,_Z,Not applicable,_Z,Not applicable,VQ,Human health and social work activities,_Z,Not applicable,_Z,Not applicable,_Z,Not applicable,2020,,7.18,,,,,,,,,,,,,,,
DATAFLOW,OECD.ELS.HD:DSD_HEALTH_EMP_REAC@DF_REAC(1.1),Healthcare human resources,I,HUN,Hungary,HSE,Health and social employment,PT_EMP,Percentage of employment,_Z,Not applicable,_Z,Not applicable,VQ,Human health and social work activities,_Z,Not applicable,_Z,Not applicable,_Z,Not applicable,2021,,6.92,,,,,,,,,,,,,,,
DATAFLOW,OECD.ELS.HD:DSD_HEALTH_EMP_REAC@DF_REAC(1.1),Healthcare human resources,I,HUN,Hungary,HSE,Health and social employment,PT_EMP,Percentage of employment,_Z,Not applicable,_Z,Not applicable,VQ,Human health and social work activities,_Z,Not applicable,_Z,Not applicable,_Z,Not applicable,2022,,6.86,,,,,,,,,,,,,,,
DATAFLOW,OECD.ELS.HD:DSD_HEALTH_EMP_REAC@DF_REAC(1.1),Healthcare human resources,I,HUN,Hungary,HSE,Health and social employment,PT_EMP,Percentage of employment,_Z,Not applicable,_Z,Not applicable,VQ,Human health and social work activities,_Z,Not applicable,_Z,Not applicable,_Z,Not applicable,2023,,6.91,,,,,,,,,,,,,,,
DATAFLOW,OECD.ELS.HD:DSD_HEALTH_EMP_REAC@DF_REAC(1.1),Healthcare human resources,I,IRL,Ireland,HSE,Health and social employment,PT_EMP,Percentage of employment,_Z,Not applicable,_Z,Not applicable,VQ,Human health and social work activities,_Z,Not applicable,_Z,Not applicable,_Z,Not applicable,2020,,12.77,,,,,,,,,,,,,,,
DATAFLOW,OECD.ELS.HD:DSD_HEALTH_EMP_REAC@DF_REAC(1.1),Healthcare human resources,I,IRL,Ireland,HSE,Health and social employment,PT_EMP,Percentage of employment,_Z,Not applicable,_Z,Not applicable,VQ,Human health and social work activities,_Z,Not applicable,_Z,Not applicable,_Z,Not applicable,2021,,12.95,,,,,,,,,,,,,,,
DATAFLOW,OECD.ELS.HD:DSD_HEALTH_EMP_REAC@DF_REAC(1.1),Healthcare human resources,I,IRL,Ireland,HSE,Health and social employment,PT_EMP,Percentage of employment,_Z,Not applicable,_Z,Not applicable,VQ,Human health and social work activities,_Z,Not applicable,_Z,Not applicable,_Z,Not applicable,2022,,13.2,,,,,,,,,,,,,,,
DATAFLOW,OECD.ELS.HD:DSD_HEALTH_EMP_REAC@DF_REAC(1.1),Healthcare human resources,I,IRL,Ireland,HSE,Health and social employment,PT_EMP,Percentage of employment,_Z,Not applicable,_Z,Not applicable,VQ,Human health and social work activities,_Z,Not applicable,_Z,Not applicable,_Z,Not applicable,2023,,13.46,,,,,,,,,,,,,,,
DATAFLOW,OECD.ELS.HD:DSD_HEALTH_EMP_REAC@DF_REAC(1.1),Healthcare human resources,I,ISR,Israel,HSE,Health and social employment,PT_EMP,Percentage of employment,_Z,Not applicable,_Z,Not applicable,VQ,Human health and social work activities,_Z,Not applicable,_Z,Not applicable,_Z,Not applicable,2020,,12.19,,,,,,,,,,,,,,,
DATAFLOW,OECD.ELS.HD:DSD_HEALTH_EMP_REAC@DF_REAC(1.1),Healthcare human resources,I,ISR,Israel,HSE,Health and social employment,PT_EMP,Percentage of employment,_Z,Not applicable,_Z,Not applicable,VQ,Human health and social work activities,_Z,Not applicable,_Z,Not applicable,_Z,Not applicable,2021,,12,,,,,,,,,,,,,,,
DATAFLOW,OECD.ELS.HD:DSD_HEALTH_EMP_REAC@DF_REAC(1.1),Healthcare human resources,I,ISR,Israel,HSE,Health and social employment,PT_EMP,Percentage of employment,_Z,Not applicable,_Z,Not applicable,VQ,Human health and social work activities,_Z,Not applicable,_Z,Not applicable,_Z,Not applicable,2022,,12.08,,,,,,,,,,,,,,,
DATAFLOW,OECD.ELS.HD:DSD_HEALTH_EMP_REAC@DF_REAC(1.1),Healthcare human resources,I,ISR,Israel,HSE,Health and social employment,PT_EMP,Percentage of employment,_Z,Not applicable,_Z,Not applicable,VQ,Human health and social work activities,_Z,Not applicable,_Z,Not applicable,_Z,Not applicable,2023,,11.97,,,,,,,,,,,,,,,
DATAFLOW,OECD.ELS.HD:DSD_HEALTH_EMP_REAC@DF_REAC(1.1),Healthcare human resources,I,ITA,Italy,HSE,Health and social employment,PT_EMP,Percentage of employment,_Z,Not applicable,_Z,Not applicable,VQ,Human health and social work activities,_Z,Not applicable,_Z,Not applicable,_Z,Not applicable,2020,,8.59,,,,,,,,,,,,,,,
DATAFLOW,OECD.ELS.HD:DSD_HEALTH_EMP_REAC@DF_REAC(1.1),Healthcare human resources,I,ITA,Italy,HSE,Health and social employment,PT_EMP,Percentage of employment,_Z,Not applicable,_Z,Not applicable,VQ,Human health and social work activities,_Z,Not applicable,_Z,Not applicable,_Z,Not applicable,2021,,8.79,,,,,,,,,,,,,,,
DATAFLOW,OECD.ELS.HD:DSD_HEALTH_EMP_REAC@DF_REAC(1.1),Healthcare human resources,I,ITA,Italy,HSE,Health and social employment,PT_EMP,Percentage of employment,_Z,Not applicable,_Z,Not applicable,VQ,Human health and social work activities,_Z,Not applicable,_Z,Not applicable,_Z,Not applicable,2022,,8.76,,,,,,,,,,,,,,,
DATAFLOW,OECD.ELS.HD:DSD_HEALTH_EMP_REAC@DF_REAC(1.1),Healthcare human resources,I,ITA,Italy,HSE,Health and social employment,PT_EMP,Percentage of employment,_Z,Not applicable,_Z,Not applicable,VQ,Human health and social work activities,_Z,Not applicable,_Z,Not applicable,_Z,Not applicable,2023,,8.76,,,,,,,,,,,,,,,
DATAFLOW,OECD.ELS.HD:DSD_HEALTH_EMP_REAC@DF_REAC(1.1),Healthcare human resources,I,JPN,Japan,HSE,Health and social employment,PT_EMP,Percentage of employment,_Z,Not applicable,_Z,Not applicable,VQ,Human health and social work activities,_Z,Not applicable,_Z,Not applicable,_Z,Not applicable,2020,,13.12,,,,,,,,,,,,,,,
DATAFLOW,OECD.ELS.HD:DSD_HEALTH_EMP_REAC@DF_REAC(1.1),Healthcare human resources,I,JPN,Japan,HSE,Health and social employment,PT_EMP,Percentage of employment,_Z,Not applicable,_Z,Not applicable,VQ,Human health and social work activities,_Z,Not applicable,_Z,Not applicable,_Z,Not applicable,2021,,13.42,,,,,,,,,,,,,,,
DATAFLOW,OECD.ELS.HD:DSD_HEALTH_EMP_REAC@DF_REAC(1.1),Healthcare human resources,I,JPN,Japan,HSE,Health and social employment,PT_EMP,Percentage of employment,_Z,Not applicable,_Z,Not applicable,VQ,Human health and social work activities,_Z,Not applicable,_Z,Not applicable,_Z,Not applicable,2022,,13.66,,,,,,,,,,,,,,,
DATAFLOW,OECD.ELS.HD:DSD_HEALTH_EMP_REAC@DF_REAC(1.1),Healthcare human resources,I,JPN,Japan,HSE,Health and social employment,PT_EMP,Percentage of employment,_Z,Not applicable,_Z,Not applicable,VQ,Human health and social work activities,_Z,Not applicable,_Z,Not applicable,_Z,Not applicable,2023,,13.65,,,,,,,,,,,,,,,
DATAFLOW,OECD.ELS.HD:DSD_HEALTH_EMP_REAC@DF_REAC(1.1),Healthcare human resources,I,KOR,Korea,HSE,Health and social employment,PT_EMP,Percentage of employment,_Z,Not applicable,_Z,Not applicable,VQ,Human health and social work activities,_Z,Not applicable,_Z,Not applicable,_Z,Not applicable,2020,,8.68,,,,,,,,,,,,,,,
DATAFLOW,OECD.ELS.HD:DSD_HEALTH_EMP_REAC@DF_REAC(1.1),Healthcare human resources,I,KOR,Korea,HSE,Health and social employment,PT_EMP,Percentage of employment,_Z,Not applicable,_Z,Not applicable,VQ,Human health and social work activities,_Z,Not applicable,_Z,Not applicable,_Z,Not applicable,2021,,9.29,,,,,,,,,,,,,,,
DATAFLOW,OECD.ELS.HD:DSD_HEALTH_EMP_REAC@DF_REAC(1.1),Healthcare human resources,I,KOR,Korea,HSE,Health and social employment,PT_EMP,Percentage of employment,_Z,Not applicable,_Z,Not applicable,VQ,Human health and social work activities,_Z,Not applicable,_Z,Not applicable,_Z,Not applicable,2022,,9.66,,,,,,,,,,,,,,,
DATAFLOW,OECD.ELS.HD:DSD_HEALTH_EMP_REAC@DF_REAC(1.1),Healthcare human resources,I,KOR,Korea,HSE,Health and social employment,PT_EMP,Percentage of employment,_Z,Not applicable,_Z,Not applicable,VQ,Human health and social work activities,_Z,Not applicable,_Z,Not applicable,_Z,Not applicable,2023,,10.06,,,,,,,,,,,,,,,
DATAFLOW,OECD.ELS.HD:DSD_HEALTH_EMP_REAC@DF_REAC(1.1),Healthcare human resources,I,LVA,Latvia,HSE,Health and social employment,PT_EMP,Percentage of employment,_Z,Not applicable,_Z,Not applicable,VQ,Human health and social work activities,_Z,Not applicable,_Z,Not applicable,_Z,Not applicable,2020,,6.55,,,,,,,,,,,,,,,
DATAFLOW,OECD.ELS.HD:DSD_HEALTH_EMP_REAC@DF_REAC(1.1),Healthcare human resources,I,LVA,Latvia,HSE,Health and social employment,PT_EMP,Percentage of employment,_Z,Not applicable,_Z,Not applicable,VQ,Human health and social work activities,_Z,Not applicable,_Z,Not applicable,_Z,Not applicable,2021,,6.87,,,,,,,,,,,,,,,
DATAFLOW,OECD.ELS.HD:DSD_HEALTH_EMP_REAC@DF_REAC(1.1),Healthcare human resources,I,LVA,Latvia,HSE,Health and social employment,PT_EMP,Percentage of employment,_Z,Not applicable,_Z,Not applicable,VQ,Human health and social work activities,_Z,Not applicable,_Z,Not applicable,_Z,Not applicable,2022,,6.91,,,,,,,,,,,,,,,
DATAFLOW,OECD.ELS.HD:DSD_HEALTH_EMP_REAC@DF_REAC(1.1),Healthcare human resources,I,LVA,Latvia,HSE,Health and social employment,PT_EMP,Percentage of employment,_Z,Not applicable,_Z,Not applicable,VQ,Human health and social work activities,_Z,Not applicable,_Z,Not applicable,_Z,Not applicable,2023,,7.11,,,,,,,,,,,,,,,
DATAFLOW,OECD.ELS.HD:DSD_HEALTH_EMP_REAC@DF_REAC(1.1),Healthcare human resources,I,LTU,Lithuania,HSE,Health and social employment,PT_EMP,Percentage of employment,_Z,Not applicable,_Z,Not applicable,VQ,Human health and social work activities,_Z,Not applicable,_Z,Not applicable,_Z,Not applicable,2020,,7.12,,,,,,,,,,,,,,,
DATAFLOW,OECD.ELS.HD:DSD_HEALTH_EMP_REAC@DF_REAC(1.1),Healthcare human resources,I,LTU,Lithuania,HSE,Health and social employment,PT_EMP,Percentage of employment,_Z,Not applicable,_Z,Not applicable,VQ,Human health and social work activities,_Z,Not applicable,_Z,Not applicable,_Z,Not applicable,2021,,7.32,,,,,,,,,,,,,,,
DATAFLOW,OECD.ELS.HD:DSD_HEALTH_EMP_REAC@DF_REAC(1.1),Healthcare human resources,I,LTU,Lithuania,HSE,Health and social employment,PT_EMP,Percentage of employment,_Z,Not applicable,_Z,Not applicable,VQ,Human health and social work activities,_Z,Not applicable,_Z,Not applicable,_Z,Not applicable,2022,,7.72,,,,,,,,,,,,,,,
DATAFLOW,OECD.ELS.HD:DSD_HEALTH_EMP_REAC@DF_REAC(1.1),Healthcare human resources,I,LTU,Lithuania,HSE,Health and social employment,PT_EMP,Percentage of employment,_Z,Not applicable,_Z,Not applicable,VQ,Human health and social work activities,_Z,Not applicable,_Z,Not applicable,_Z,Not applicable,2023,,7.66,,,,,,,,,,,,,,,
DATAFLOW,OECD.ELS.HD:DSD_HEALTH_EMP_REAC@DF_REAC(1.1),Healthcare human resources,I,LUX,Luxembourg,HSE,Health and social employment,PT_EMP,Percentage of employment,_Z,Not applicable,_Z,Not applicable,VQ,Human health and social work activities,_Z,Not applicable,_Z,Not applicable,_Z,Not applicable,2020,,17.91,,,,,,,,,,,,,,,
DATAFLOW,OECD.ELS.HD:DSD_HEALTH_EMP_REAC@DF_REAC(1.1),Healthcare human resources,I,LUX,Luxembourg,HSE,Health and social employment,PT_EMP,Percentage of employment,_Z,Not applicable,_Z,Not applicable,VQ,Human health and social work activities,_Z,Not applicable,_Z,Not applicable,_Z,Not applicable,2021,,17.79,,,,,,,,,,,,,,,
DATAFLOW,OECD.ELS.HD:DSD_HEALTH_EMP_REAC@DF_REAC(1.1),Healthcare human resources,I,LUX,Luxembourg,HSE,Health and social employment,PT_EMP,Percentage of employment,_Z,Not applicable,_Z,Not applicable,VQ,Human health and social work activities,_Z,Not applicable,_Z,Not applicable,_Z,Not applicable,2022,,18.37,,,,,,,,,,,,,,,
DATAFLOW,OECD.ELS.HD:DSD_HEALTH_EMP_REAC@DF_REAC(1.1),Healthcare human resources,I,LUX,Luxembourg,HSE,Health and social employment,PT_EMP,Percentage of employment,_Z,Not applicable,_Z,Not applicable,VQ,Human health and social work activities,_Z,Not applicable,_Z,Not applicable,_Z,Not applicable,2023,,18.27,,,,,,,,,,,,,,,
DATAFLOW,OECD.ELS.HD:DSD_HEALTH_EMP_REAC@DF_REAC(1.1),Healthcare human resources,I,MEX,Mexico,HSE,Health and social employment,PT_EMP,Percentage of employment,_Z,Not applicable,_Z,Not applicable,VQ,Human health and social work activities,_Z,Not applicable,_Z,Not applicable,_Z,Not applicable,2020,,2.75,,,,,,,,,,,,,,,
DATAFLOW,OECD.ELS.HD:DSD_HEALTH_EMP_REAC@DF_REAC(1.1),Healthcare human resources,I,MEX,Mexico,HSE,Health and social employment,PT_EMP,Percentage of employment,_Z,Not applicable,_Z,Not applicable,VQ,Human health and social work activities,_Z,Not applicable,_Z,Not applicable,_Z,Not applicable,2021,,2.52,,,,,,,,,,,,,,,
DATAFLOW,OECD.ELS.HD:DSD_HEALTH_EMP_REAC@DF_REAC(1.1),Healthcare human resources,I,MEX,Mexico,HSE,Health and social employment,PT_EMP,Percentage of employment,_Z,Not applicable,_Z,Not applicable,VQ,Human health and social work activities,_Z,Not applicable,_Z,Not applicable,_Z,Not applicable,2022,,2.44,,,,,,,,,,,,,,,
DATAFLOW,OECD.ELS.HD:DSD_HEALTH_EMP_REAC@DF_REAC(1.1),Healthcare human resources,I,MEX,Mexico,HSE,Health and social employment,PT_EMP,Percentage of employment,_Z,Not applicable,_Z,Not applicable,VQ,Human health and social work activities,_Z,Not applicable,_Z,Not applicable,_Z,Not applicable,2023,,2.39,,,,,,,,,,,,,,,
DATAFLOW,OECD.ELS.HD:DSD_HEALTH_EMP_REAC@DF_REAC(1.1),Healthcare human resources,I,NLD,Netherlands,HSE,Health and social employment,PT_EMP,Percentage of employment,_Z,Not applicable,_Z,Not applicable,VQ,Human health and social work activities,_Z,Not applicable,_Z,Not applicable,_Z,Not applicable,2020,,17.04,,,,,,,,,,,,,,,
DATAFLOW,OECD.ELS.HD:DSD_HEALTH_EMP_REAC@DF_REAC(1.1),Healthcare human resources,I,NLD,Netherlands,HSE,Health and social employment,PT_EMP,Percentage of employment,_Z,Not applicable,_Z,Not applicable,VQ,Human health and social work activities,_Z,Not applicable,_Z,Not applicable,_Z,Not applicable,2021,,16.86,,,,,,,,,,,,,,,
DATAFLOW,OECD.ELS.HD:DSD_HEALTH_EMP_REAC@DF_REAC(1.1),Healthcare human resources,I,NZL,New Zealand,HSE,Health and social employment,PT_EMP,Percentage of employment,_Z,Not applicable,_Z,Not applicable,VQ,Human health and social work activities,_Z,Not applicable,_Z,Not applicable,_Z,Not applicable,2020,,10.75,,,,,,,,,,,,,,,
DATAFLOW,OECD.ELS.HD:DSD_HEALTH_EMP_REAC@DF_REAC(1.1),Healthcare human resources,I,NZL,New Zealand,HSE,Health and social employment,PT_EMP,Percentage of employment,_Z,Not applicable,_Z,Not applicable,VQ,Human health and social work activities,_Z,Not applicable,_Z,Not applicable,_Z,Not applicable,2021,,10.63,,,,,,,,,,,,,,,
DATAFLOW,OECD.ELS.HD:DSD_HEALTH_EMP_REAC@DF_REAC(1.1),Healthcare human resources,I,NZL,New Zealand,HSE,Health and social employment,PT_EMP,Percentage of employment,_Z,Not applicable,_Z,Not applicable,VQ,Human health and social work activities,_Z,Not applicable,_Z,Not applicable,_Z,Not applicable,2022,,10.39,,,,,,,,,,,,,,,
DATAFLOW,OECD.ELS.HD:DSD_HEALTH_EMP_REAC@DF_REAC(1.1),Healthcare human resources,I,NZL,New Zealand,HSE,Health and social employment,PT_EMP,Percentage of employment,_Z,Not applicable,_Z,Not applicable,VQ,Human health and social work activities,_Z,Not applicable,_Z,Not applicable,_Z,Not applicable,2023,,10.41,,,,,,,,,,,,,,,
DATAFLOW,OECD.ELS.HD:DSD_HEALTH_EMP_REAC@DF_REAC(1.1),Healthcare human resources,I,NOR,Norway,HSE,Health and social employment,PT_EMP,Percentage of employment,_Z,Not applicable,_Z,Not applicable,VQ,Human health and social work activities,_Z,Not applicable,_Z,Not applicable,_Z,Not applicable,2020,,21.95,,,,,,,,,,,,,,,
DATAFLOW,OECD.ELS.HD:DSD_HEALTH_EMP_REAC@DF_REAC(1.1),Healthcare human resources,I,NOR,Norway,HSE,Health and social employment,PT_EMP,Percentage of employment,_Z,Not applicable,_Z,Not applicable,VQ,Human health and social work activities,_Z,Not applicable,_Z,Not applicable,_Z,Not applicable,2021,,21.59,,,,,,,,,,,,,,,
DATAFLOW,OECD.ELS.HD:DSD_HEALTH_EMP_REAC@DF_REAC(1.1),Healthcare human resources,I,NOR,Norway,HSE,Health and social employment,PT_EMP,Percentage of employment,_Z,Not applicable,_Z,Not applicable,VQ,Human health and social work activities,_Z,Not applicable,_Z,Not applicable,_Z,Not applicable,2022,,21.3,,,,,,,,,,,,,,,
DATAFLOW,OECD.ELS.HD:DSD_HEALTH_EMP_REAC@DF_REAC(1.1),Healthcare human resources,I,NOR,Norway,HSE,Health and social employment,PT_EMP,Percentage of employment,_Z,Not applicable,_Z,Not applicable,VQ,Human health and social work activities,_Z,Not applicable,_Z,Not applicable,_Z,Not applicable,2023,,21.16,,,,,,,,,,,,,,,
DATAFLOW,OECD.ELS.HD:DSD_HEALTH_EMP_REAC@DF_REAC(1.1),Healthcare human resources,I,NOR,Norway,HSE,Health and social employment,PT_EMP,Percentage of employment,_Z,Not applicable,_Z,Not applicable,VQ,Human health and social work activities,_Z,Not applicable,_Z,Not applicable,_Z,Not applicable,2024,,21.35,,,,,,,,,,,,,,,
DATAFLOW,OECD.ELS.HD:DSD_HEALTH_EMP_REAC@DF_REAC(1.1),Healthcare human resources,I,POL,Poland,HSE,Health and social employment,PT_EMP,Percentage of employment,_Z,Not applicable,_Z,Not applicable,VQ,Human health and social work activities,_Z,Not applicable,_Z,Not applicable,_Z,Not applicable,2020,,6.11,,,,,,,,,,,,,,,
DATAFLOW,OECD.ELS.HD:DSD_HEALTH_EMP_REAC@DF_REAC(1.1),Healthcare human resources,I,POL,Poland,HSE,Health and social employment,PT_EMP,Percentage of employment,_Z,Not applicable,_Z,Not applicable,VQ,Human health and social work activities,_Z,Not applicable,_Z,Not applicable,_Z,Not applicable,2021,,6.58,,,,,,,,,,,,,,,
DATAFLOW,OECD.ELS.HD:DSD_HEALTH_EMP_REAC@DF_REAC(1.1),Healthcare human resources,I,POL,Poland,HSE,Health and social employment,PT_EMP,Percentage of employment,_Z,Not applicable,_Z,Not applicable,VQ,Human health and social work activities,_Z,Not applicable,_Z,Not applicable,_Z,Not applicable,2022,,6.76,,,,,,,,,,,,,,,
DATAFLOW,OECD.ELS.HD:DSD_HEALTH_EMP_REAC@DF_REAC(1.1),Healthcare human resources,I,POL,Poland,HSE,Health and social employment,PT_EMP,Percentage of employment,_Z,Not applicable,_Z,Not applicable,VQ,Human health and social work activities,_Z,Not applicable,_Z,Not applicable,_Z,Not applicable,2023,,6.82,,,,,,,,,,,,,,,
DATAFLOW,OECD.ELS.HD:DSD_HEALTH_EMP_REAC@DF_REAC(1.1),Healthcare human resources,I,PRT,Portugal,HSE,Health and social employment,PT_EMP,Percentage of employment,_Z,Not applicable,_Z,Not applicable,VQ,Human health and social work activities,_Z,Not applicable,_Z,Not applicable,_Z,Not applicable,2020,,8.77,,,,,,,,,,,,,,,
DATAFLOW,OECD.ELS.HD:DSD_HEALTH_EMP_REAC@DF_REAC(1.1),Healthcare human resources,I,PRT,Portugal,HSE,Health and social employment,PT_EMP,Percentage of employment,_Z,Not applicable,_Z,Not applicable,VQ,Human health and social work activities,_Z,Not applicable,_Z,Not applicable,_Z,Not applicable,2021,,9.1,,,,,,,,,,,,,,,
DATAFLOW,OECD.ELS.HD:DSD_HEALTH_EMP_REAC@DF_REAC(1.1),Healthcare human resources,I,PRT,Portugal,HSE,Health and social employment,PT_EMP,Percentage of employment,_Z,Not applicable,_Z,Not applicable,VQ,Human health and social work activities,_Z,Not applicable,_Z,Not applicable,_Z,Not applicable,2022,,9.05,,,,,,,,,,,,,,,
DATAFLOW,OECD.ELS.HD:DSD_HEALTH_EMP_REAC@DF_REAC(1.1),Healthcare human resources,I,SVK,Slovak Republic,HSE,Health and social employment,PT_EMP,Percentage of employment,_Z,Not applicable,_Z,Not applicable,VQ,Human health and social work activities,_Z,Not applicable,_Z,Not applicable,_Z,Not applicable,2020,,5.6,,,,,,,,,,,,,,,
DATAFLOW,OECD.ELS.HD:DSD_HEALTH_EMP_REAC@DF_REAC(1.1),Healthcare human resources,I,SVK,Slovak Republic,HSE,Health and social employment,PT_EMP,Percentage of employment,_Z,Not applicable,_Z,Not applicable,VQ,Human health and social work activities,_Z,Not applicable,_Z,Not applicable,_Z,Not applicable,2021,,5.61,,,,,,,,,,,,,,,
DATAFLOW,OECD.ELS.HD:DSD_HEALTH_EMP_REAC@DF_REAC(1.1),Healthcare human resources,I,SVK,Slovak Republic,HSE,Health and social employment,PT_EMP,Percentage of employment,_Z,Not applicable,_Z,Not applicable,VQ,Human health and social work activities,_Z,Not applicable,_Z,Not applicable,_Z,Not applicable,2022,,5.7,,,,,,,,,,,,,,,
DATAFLOW,OECD.ELS.HD:DSD_HEALTH_EMP_REAC@DF_REAC(1.1),Healthcare human resources,I,SVK,Slovak Republic,HSE,Health and social employment,PT_EMP,Percentage of employment,_Z,Not applicable,_Z,Not applicable,VQ,Human health and social work activities,_Z,Not applicable,_Z,Not applicable,_Z,Not applicable,2023,,5.73,,,,,,,,,,,,,,,
DATAFLOW,OECD.ELS.HD:DSD_HEALTH_EMP_REAC@DF_REAC(1.1),Healthcare human resources,I,SVK,Slovak Republic,HSE,Health and social employment,PT_EMP,Percentage of employment,_Z,Not applicable,_Z,Not applicable,VQ,Human health and social work activities,_Z,Not applicable,_Z,Not applicable,_Z,Not applicable,2024,,5.81,,,,,,,,,,,,,,,
DATAFLOW,OECD.ELS.HD:DSD_HEALTH_EMP_REAC@DF_REAC(1.1),Healthcare human resources,I,SVN,Slovenia,HSE,Health and social employment,PT_EMP,Percentage of employment,_Z,Not applicable,_Z,Not applicable,VQ,Human health and social work activities,_Z,Not applicable,_Z,Not applicable,_Z,Not applicable,2020,,7.12,,,,,,,,,,,,,,,
DATAFLOW,OECD.ELS.HD:DSD_HEALTH_EMP_REAC@DF_REAC(1.1),Healthcare human resources,I,SVN,Slovenia,HSE,Health and social employment,PT_EMP,Percentage of employment,_Z,Not applicable,_Z,Not applicable,VQ,Human health and social work activities,_Z,Not applicable,_Z,Not applicable,_Z,Not applicable,2021,,7.53,,,,,,,,,,,,,,,
DATAFLOW,OECD.ELS.HD:DSD_HEALTH_EMP_REAC@DF_REAC(1.1),Healthcare human resources,I,SVN,Slovenia,HSE,Health and social employment,PT_EMP,Percentage of employment,_Z,Not applicable,_Z,Not applicable,VQ,Human health and social work activities,_Z,Not applicable,_Z,Not applicable,_Z,Not applicable,2022,,7.66,,,,,,,,,,,,,,,
DATAFLOW,OECD.ELS.HD:DSD_HEALTH_EMP_REAC@DF_REAC(1.1),Healthcare human resources,I,SVN,Slovenia,HSE,Health and social employment,PT_EMP,Percentage of employment,_Z,Not applicable,_Z,Not applicable,VQ,Human health and social work activities,_Z,Not applicable,_Z,Not applicable,_Z,Not applicable,2023,,7.81,,,,,,,,,,,,,,,
DATAFLOW,OECD.ELS.HD:DSD_HEALTH_EMP_REAC@DF_REAC(1.1),Healthcare human resources,I,ESP,Spain,HSE,Health and social employment,PT_EMP,Percentage of employment,_Z,Not applicable,_Z,Not applicable,VQ,Human health and social work activities,_Z,Not applicable,_Z,Not applicable,_Z,Not applicable,2020,,7.98,,,,,,,,,,,,,,,
DATAFLOW,OECD.ELS.HD:DSD_HEALTH_EMP_REAC@DF_REAC(1.1),Healthcare human resources,I,ESP,Spain,HSE,Health and social employment,PT_EMP,Percentage of employment,_Z,Not applicable,_Z,Not applicable,VQ,Human health and social work activities,_Z,Not applicable,_Z,Not applicable,_Z,Not applicable,2021,,8.07,,,,,,,,,,,,,,,
DATAFLOW,OECD.ELS.HD:DSD_HEALTH_EMP_REAC@DF_REAC(1.1),Healthcare human resources,I,SWE,Sweden,HSE,Health and social employment,PT_EMP,Percentage of employment,_Z,Not applicable,_Z,Not applicable,VQ,Human health and social work activities,_Z,Not applicable,_Z,Not applicable,_Z,Not applicable,2020,,16.84,,,,,,,,,,,,,,,
DATAFLOW,OECD.ELS.HD:DSD_HEALTH_EMP_REAC@DF_REAC(1.1),Healthcare human resources,I,SWE,Sweden,HSE,Health and social employment,PT_EMP,Percentage of employment,_Z,Not applicable,_Z,Not applicable,VQ,Human health and social work activities,_Z,Not applicable,_Z,Not applicable,_Z,Not applicable,2021,,16.83,,,,,,,,,,,,,,,
DATAFLOW,OECD.ELS.HD:DSD_HEALTH_EMP_REAC@DF_REAC(1.1),Healthcare human resources,I,SWE,Sweden,HSE,Health and social employment,PT_EMP,Percentage of employment,_Z,Not applicable,_Z,Not applicable,VQ,Human health and social work activities,_Z,Not applicable,_Z,Not applicable,_Z,Not applicable,2022,,16.57,,,,,,,,,,,,,,,
DATAFLOW,OECD.ELS.HD:DSD_HEALTH_EMP_REAC@DF_REAC(1.1),Healthcare human resources,I,CHE,Switzerland,HSE,Health and social employment,PT_EMP,Percentage of employment,_Z,Not applicable,_Z,Not applicable,VQ,Human health and social work activities,_Z,Not applicable,_Z,Not applicable,_Z,Not applicable,2020,,15.31,,,,,,,,,,,,,,,
DATAFLOW,OECD.ELS.HD:DSD_HEALTH_EMP_REAC@DF_REAC(1.1),Healthcare human resources,I,CHE,Switzerland,HSE,Health and social employment,PT_EMP,Percentage of employment,_Z,Not applicable,_Z,Not applicable,VQ,Human health and social work activities,_Z,Not applicable,_Z,Not applicable,_Z,Not applicable,2021,,15.72,,,,,,,,,,,,,,,
DATAFLOW,OECD.ELS.HD:DSD_HEALTH_EMP_REAC@DF_REAC(1.1),Healthcare human resources,I,CHE,Switzerland,HSE,Health and social employment,PT_EMP,Percentage of employment,_Z,Not applicable,_Z,Not applicable,VQ,Human health and social work activities,_Z,Not applicable,_Z,Not applicable,_Z,Not applicable,2022,,15.79,,,,,,,,,,,,,,,
DATAFLOW,OECD.ELS.HD:DSD_HEALTH_EMP_REAC@DF_REAC(1.1),Healthcare human resources,I,CHE,Switzerland,HSE,Health and social employment,PT_EMP,Percentage of employment,_Z,Not applicable,_Z,Not applicable,VQ,Human health and social work activities,_Z,Not applicable,_Z,Not applicable,_Z,Not applicable,2023,,15.81,,,,,,,,,,,,,,,
DATAFLOW,OECD.ELS.HD:DSD_HEALTH_EMP_REAC@DF_REAC(1.1),Healthcare human resources,I,TUR,Türkiye,HSE,Health and social employment,PT_EMP,Percentage of employment,_Z,Not applicable,_Z,Not applicable,VQ,Human health and social work activities,_Z,Not applicable,_Z,Not applicable,_Z,Not applicable,2020,,5.47,,,,,,,,,,,,,,,
DATAFLOW,OECD.ELS.HD:DSD_HEALTH_EMP_REAC@DF_REAC(1.1),Healthcare human resources,I,TUR,Türkiye,HSE,Health and social employment,PT_EMP,Percentage of employment,_Z,Not applicable,_Z,Not applicable,VQ,Human health and social work activities,_Z,Not applicable,_Z,Not applicable,_Z,Not applicable,2021,,5.57,,,,,,,,,,,,,,,
DATAFLOW,OECD.ELS.HD:DSD_HEALTH_EMP_REAC@DF_REAC(1.1),Healthcare human resources,I,TUR,Türkiye,HSE,Health and social employment,PT_EMP,Percentage of employment,_Z,Not applicable,_Z,Not applicable,VQ,Human health and social work activities,_Z,Not applicable,_Z,Not applicable,_Z,Not applicable,2022,,5.99,,,,,,,,,,,,,,,
DATAFLOW,OECD.ELS.HD:DSD_HEALTH_EMP_REAC@DF_REAC(1.1),Healthcare human resources,I,TUR,Türkiye,HSE,Health and social employment,PT_EMP,Percentage of employment,_Z,Not applicable,_Z,Not applicable,VQ,Human health and social work activities,_Z,Not applicable,_Z,Not applicable,_Z,Not applicable,2023,,6.35,,,,,,,,,,,,,,,
DATAFLOW,OECD.ELS.HD:DSD_HEALTH_EMP_REAC@DF_REAC(1.1),Healthcare human resources,I,TUR,Türkiye,HSE,Health and social employment,PT_EMP,Percentage of employment,_Z,Not applicable,_Z,Not applicable,VQ,Human health and social work activities,_Z,Not applicable,_Z,Not applicable,_Z,Not applicable,2024,,6.34,,,,,,,,,,,,,,,
DATAFLOW,OECD.ELS.HD:DSD_HEALTH_EMP_REAC@DF_REAC(1.1),Healthcare human resources,I,GBR,United Kingdom,HSE,Health and social employment,PT_EMP,Percentage of employment,_Z,Not applicable,_Z,Not applicable,VQ,Human health and social work activities,_Z,Not applicable,_Z,Not applicable,_Z,Not applicable,2020,,12.66,,,,,,,,,,,,,,,
DATAFLOW,OECD.ELS.HD:DSD_HEALTH_EMP_REAC@DF_REAC(1.1),Healthcare human resources,I,GBR,United Kingdom,HSE,Health and social employment,PT_EMP,Percentage of employment,_Z,Not applicable,_Z,Not applicable,VQ,Human health and social work activities,_Z,Not applicable,_Z,Not applicable,_Z,Not applicable,2021,,12.88,,,,,,,,,,,,,,,
DATAFLOW,OECD.ELS.HD:DSD_HEALTH_EMP_REAC@DF_REAC(1.1),Healthcare human resources,I,GBR,United Kingdom,HSE,Health and social employment,PT_EMP,Percentage of employment,_Z,Not applicable,_Z,Not applicable,VQ,Human health and social work activities,_Z,Not applicable,_Z,Not applicable,_Z,Not applicable,2022,,12.63,,,,,,,,,,,,,,,
DATAFLOW,OECD.ELS.HD:DSD_HEALTH_EMP_REAC@DF_REAC(1.1),Healthcare human resources,I,USA,United States,HSE,Health and social employment,PT_EMP,Percentage of employment,_Z,Not applicable,_Z,Not applicable,VQ,Human health and social work activities,_Z,Not applicable,_Z,Not applicable,_Z,Not applicable,2020,,14.03,,,,,,,,,,,,,,,
DATAFLOW,OECD.ELS.HD:DSD_HEALTH_EMP_REAC@DF_REAC(1.1),Healthcare human resources,I,USA,United States,HSE,Health and social employment,PT_EMP,Percentage of employment,_Z,Not applicable,_Z,Not applicable,VQ,Human health and social work activities,_Z,Not applicable,_Z,Not applicable,_Z,Not applicable,2021,,13.9,,,,,,,,,,,,,,,
DATAFLOW,OECD.ELS.HD:DSD_HEALTH_EMP_REAC@DF_REAC(1.1),Healthcare human resources,I,USA,United States,HSE,Health and social employment,PT_EMP,Percentage of employment,_Z,Not applicable,_Z,Not applicable,VQ,Human health and social work activities,_Z,Not applicable,_Z,Not applicable,_Z,Not applicable,2022,,13.59,,,,,,,,,,,,,,,
DATAFLOW,OECD.ELS.HD:DSD_HEALTH_EMP_REAC@DF_REAC(1.1),Healthcare human resources,I,USA,United States,HSE,Health and social employment,PT_EMP,Percentage of employment,_Z,Not applicable,_Z,Not applicable,VQ,Human health and social work activities,_Z,Not applicable,_Z,Not applicable,_Z,Not applicable,2023,,13.88,,,,,,,,,,,,,,,
DATAFLOW,OECD.ELS.HD:DSD_HEALTH_EMP_REAC@DF_REAC(1.1),Healthcare human resources,I,BGR,Bulgaria,HSE,Health and social employment,PT_EMP,Percentage of employment,_Z,Not applicable,_Z,Not applicable,VQ,Human health and social work activities,_Z,Not applicable,_Z,Not applicable,_Z,Not applicable,2020,,5.99,,,,,,,,,,,,,,,
DATAFLOW,OECD.ELS.HD:DSD_HEALTH_EMP_REAC@DF_REAC(1.1),Healthcare human resources,I,BGR,Bulgaria,HSE,Health and social employment,PT_EMP,Percentage of employment,_Z,Not applicable,_Z,Not applicable,VQ,Human health and social work activities,_Z,Not applicable,_Z,Not applicable,_Z,Not applicable,2021,,6.43,,,,,,,,,,,,,,,
DATAFLOW,OECD.ELS.HD:DSD_HEALTH_EMP_REAC@DF_REAC(1.1),Healthcare human resources,I,BGR,Bulgaria,HSE,Health and social employment,PT_EMP,Percentage of employment,_Z,Not applicable,_Z,Not applicable,VQ,Human health and social work activities,_Z,Not applicable,_Z,Not applicable,_Z,Not applicable,2022,,6.59,,,,,,,,,,,,,,,
DATAFLOW,OECD.ELS.HD:DSD_HEALTH_EMP_REAC@DF_REAC(1.1),Healthcare human resources,I,BGR,Bulgaria,HSE,Health and social employment,PT_EMP,Percentage of employment,_Z,Not applicable,_Z,Not applicable,VQ,Human health and social work activities,_Z,Not applicable,_Z,Not applicable,_Z,Not applicable,2023,,7.3,,,,,,,,,,,,,,,
DATAFLOW,OECD.ELS.HD:DSD_HEALTH_EMP_REAC@DF_REAC(1.1),Healthcare human resources,I,HRV,Croatia,HSE,Health and social employment,PT_EMP,Percentage of employment,_Z,Not applicable,_Z,Not applicable,VQ,Human health and social work activities,_Z,Not applicable,_Z,Not applicable,_Z,Not applicable,2020,,8.04,,,,,,,,,,,,,,,
DATAFLOW,OECD.ELS.HD:DSD_HEALTH_EMP_REAC@DF_REAC(1.1),Healthcare human resources,I,HRV,Croatia,HSE,Health and social employment,PT_EMP,Percentage of employment,_Z,Not applicable,_Z,Not applicable,VQ,Human health and social work activities,_Z,Not applicable,_Z,Not applicable,_Z,Not applicable,2021,,8,,,,,,,,,,,,,,,
DATAFLOW,OECD.ELS.HD:DSD_HEALTH_EMP_REAC@DF_REAC(1.1),Healthcare human resources,I,HRV,Croatia,HSE,Health and social employment,PT_EMP,Percentage of employment,_Z,Not applicable,_Z,Not applicable,VQ,Human health and social work activities,_Z,Not applicable,_Z,Not applicable,_Z,Not applicable,2022,,7.96,,,,,,,,,,,,,,,
DATAFLOW,OECD.ELS.HD:DSD_HEALTH_EMP_REAC@DF_REAC(1.1),Healthcare human resources,I,ROU,Romania,HSE,Health and social employment,PT_EMP,Percentage of employment,_Z,Not applicable,_Z,Not applicable,VQ,Human health and social work activities,_Z,Not applicable,_Z,Not applicable,_Z,Not applicable,2020,,4.82,,,,,,,,,,,,,,,
DATAFLOW,OECD.ELS.HD:DSD_HEALTH_EMP_REAC@DF_REAC(1.1),Healthcare human resources,I,ROU,Romania,HSE,Health and social employment,PT_EMP,Percentage of employment,_Z,Not applicable,_Z,Not applicable,VQ,Human health and social work activities,_Z,Not applicable,_Z,Not applicable,_Z,Not applicable,2021,,5.42,,,,,,,,,,,,,,,
DATAFLOW,OECD.ELS.HD:DSD_HEALTH_EMP_REAC@DF_REAC(1.1),Healthcare human resources,I,ROU,Romania,HSE,Health and social employment,PT_EMP,Percentage of employment,_Z,Not applicable,_Z,Not applicable,VQ,Human health and social work activities,_Z,Not applicable,_Z,Not applicable,_Z,Not applicable,2022,,5.58,,,,,,,,,,,,,,,
DATAFLOW,OECD.ELS.HD:DSD_HEALTH_EMP_REAC@DF_REAC(1.1),Healthcare human resources,I,FRA,France,HSE,Health and social employment,PT_EMP,Percentage of employment,_Z,Not applicable,_Z,Not applicable,VQ,Human health and social work activities,_Z,Not applicable,_Z,Not applicable,_Z,Not applicable,2022,,14.97,,,,P,Provisional value,,,,,,,,,,
DATAFLOW,OECD.ELS.HD:DSD_HEALTH_EMP_REAC@DF_REAC(1.1),Healthcare human resources,I,DEU,Germany,HSE,Health and social employment,PT_EMP,Percentage of employment,_Z,Not applicable,_Z,Not applicable,VQ,Human health and social work activities,_Z,Not applicable,_Z,Not applicable,_Z,Not applicable,2021,,15.15,,,,P,Provisional value,,,,,,,,,,
DATAFLOW,OECD.ELS.HD:DSD_HEALTH_EMP_REAC@DF_REAC(1.1),Healthcare human resources,I,DEU,Germany,HSE,Health and social employment,PT_EMP,Percentage of employment,_Z,Not applicable,_Z,Not applicable,VQ,Human health and social work activities,_Z,Not applicable,_Z,Not applicable,_Z,Not applicable,2022,,14.98,,,,P,Provisional value,,,,,,,,,,
DATAFLOW,OECD.ELS.HD:DSD_HEALTH_EMP_REAC@DF_REAC(1.1),Healthcare human resources,I,GRC,Greece,HSE,Health and social employment,PT_EMP,Percentage of employment,_Z,Not applicable,_Z,Not applicable,VQ,Human health and social work activities,_Z,Not applicable,_Z,Not applicable,_Z,Not applicable,2022,,7.26,,,,P,Provisional value,,,,,,,,,,
DATAFLOW,OECD.ELS.HD:DSD_HEALTH_EMP_REAC@DF_REAC(1.1),Healthcare human resources,I,NLD,Netherlands,HSE,Health and social employment,PT_EMP,Percentage of employment,_Z,Not applicable,_Z,Not applicable,VQ,Human health and social work activities,_Z,Not applicable,_Z,Not applicable,_Z,Not applicable,2022,,16.68,,,,P,Provisional value,,,,,,,,,,
DATAFLOW,OECD.ELS.HD:DSD_HEALTH_EMP_REAC@DF_REAC(1.1),Healthcare human resources,I,ESP,Spain,HSE,Health and social employment,PT_EMP,Percentage of employment,_Z,Not applicable,_Z,Not applicable,VQ,Human health and social work activities,_Z,Not applicable,_Z,Not applicable,_Z,Not applicable,2022,,8.18,,,,P,Provisional value,,,,,,,,,,
DATAFLOW,OECD.ELS.HD:DSD_HEALTH_EMP_REAC@DF_REAC(1.1),Healthcare human resources,I,ISL,Iceland,HSE,Health and social employment,PT_EMP,Percentage of employment,_Z,Not applicable,_Z,Not applicable,VQ,Human health and social work activities,_Z,Not applicable,_Z,Not applicable,_Z,Not applicable,2020,,13.08,,,,P,Provisional value,,,,,,,,,,
DATAFLOW,OECD.ELS.HD:DSD_HEALTH_EMP_REAC@DF_REAC(1.1),Healthcare human resources,I,ISL,Iceland,HSE,Health and social employment,PT_EMP,Percentage of employment,_Z,Not applicable,_Z,Not applicable,VQ,Human health and social work activities,_Z,Not applicable,_Z,Not applicable,_Z,Not applicable,2021,,13.15,,,,P,Provisional value,,,,,,,,,,
DATAFLOW,OECD.ELS.HD:DSD_HEALTH_EMP_REAC@DF_REAC(1.1),Healthcare human resources,I,ISL,Iceland,HSE,Health and social employment,PT_EMP,Percentage of employment,_Z,Not applicable,_Z,Not applicable,VQ,Human health and social work activities,_Z,Not applicable,_Z,Not applicable,_Z,Not applicable,2022,,12.57,,,,P,Provisional value,,,,,,,,,,
DATAFLOW,OECD.ELS.HD:DSD_HEALTH_EMP_REAC@DF_REAC(1.1),Healthcare human resources,I,ISL,Iceland,HSE,Health and social employment,PT_EMP,Percentage of employment,_Z,Not applicable,_Z,Not applicable,VQ,Human health and social work activities,_Z,Not applicable,_Z,Not applicable,_Z,Not applicable,2024,,12.22,,,,P,Provisional value,,,,,,,,,,
DATAFLOW,OECD.ELS.HD:DSD_HEALTH_EMP_REAC@DF_REAC(1.1),Healthcare human resources,I,BEL,Belgium,HSE,Health and social employment,PT_EMP,Percentage of employment,_Z,Not applicable,_Z,Not applicable,VQ,Human health and social work activities,_Z,Not applicable,_Z,Not applicable,_Z,Not applicable,2023,,12.86,,,,P,Provisional value,,,,,,,,,,
DATAFLOW,OECD.ELS.HD:DSD_HEALTH_EMP_REAC@DF_REAC(1.1),Healthcare human resources,I,FRA,France,HSE,Health and social employment,PT_EMP,Percentage of employment,_Z,Not applicable,_Z,Not applicable,VQ,Human health and social work activities,_Z,Not applicable,_Z,Not applicable,_Z,Not applicable,2023,,14.94,,,,P,Provisional value,,,,,,,,,,
DATAFLOW,OECD.ELS.HD:DSD_HEALTH_EMP_REAC@DF_REAC(1.1),Healthcare human resources,I,DEU,Germany,HSE,Health and social employment,PT_EMP,Percentage of employment,_Z,Not applicable,_Z,Not applicable,VQ,Human health and social work activities,_Z,Not applicable,_Z,Not applicable,_Z,Not applicable,2023,,14.94,,,,P,Provisional value,,,,,,,,,,
DATAFLOW,OECD.ELS.HD:DSD_HEALTH_EMP_REAC@DF_REAC(1.1),Healthcare human resources,I,GRC,Greece,HSE,Health and social employment,PT_EMP,Percentage of employment,_Z,Not applicable,_Z,Not applicable,VQ,Human health and social work activities,_Z,Not applicable,_Z,Not applicable,_Z,Not applicable,2023,,7.33,,,,P,Provisional value,,,,,,,,,,
DATAFLOW,OECD.ELS.HD:DSD_HEALTH_EMP_REAC@DF_REAC(1.1),Healthcare human resources,I,ISL,Iceland,HSE,Health and social employment,PT_EMP,Percentage of employment,_Z,Not applicable,_Z,Not applicable,VQ,Human health and social work activities,_Z,Not applicable,_Z,Not applicable,_Z,Not applicable,2023,,12.32,,,,P,Provisional value,,,,,,,,,,
DATAFLOW,OECD.ELS.HD:DSD_HEALTH_EMP_REAC@DF_REAC(1.1),Healthcare human resources,I,NLD,Netherlands,HSE,Health and social employment,PT_EMP,Percentage of employment,_Z,Not applicable,_Z,Not applicable,VQ,Human health and social work activities,_Z,Not applicable,_Z,Not applicable,_Z,Not applicable,2023,,16.61,,,,P,Provisional value,,,,,,,,,,
DATAFLOW,OECD.ELS.HD:DSD_HEALTH_EMP_REAC@DF_REAC(1.1),Healthcare human resources,I,ESP,Spain,HSE,Health and social employment,PT_EMP,Percentage of employment,_Z,Not applicable,_Z,Not applicable,VQ,Human health and social work activities,_Z,Not applicable,_Z,Not applicable,_Z,Not applicable,2023,,8.89,,,,P,Provisional value,,,,,,,,,,
DATAFLOW,OECD.ELS.HD:DSD_HEALTH_EMP_REAC@DF_REAC(1.1),Healthcare human resources,I,HRV,Croatia,HSE,Health and social employment,PT_EMP,Percentage of employment,_Z,Not applicable,_Z,Not applicable,VQ,Human health and social work activities,_Z,Not applicable,_Z,Not applicable,_Z,Not applicable,2023,,7.76,,,,P,Provisional value,,,,,,,,,,
DATAFLOW,OECD.ELS.HD:DSD_HEALTH_EMP_REAC@DF_REAC(1.1),Healthcare human resources,I,ROU,Romania,HSE,Health and social employment,PT_EMP,Percentage of employment,_Z,Not applicable,_Z,Not applicable,VQ,Human health and social work activities,_Z,Not applicable,_Z,Not applicable,_Z,Not applicable,2023,,5.34,,,,P,Provisional value,,,,,,,,,,
